{
  "val": {
    "accuracy": 0.9946547884187082,
    "report": {
      "FAKE": {
        "precision": 0.9948892674616695,
        "recall": 0.9948892674616695,
        "f1-score": 0.9948892674616695,
        "support": 3522.0
      },
      "REAL": {
        "precision": 0.9943977591036415,
        "recall": 0.9943977591036415,
        "f1-score": 0.9943977591036415,
        "support": 3213.0
      },
      "accuracy": 0.9946547884187082,
      "macro avg": {
        "precision": 0.9946435132826554,
        "recall": 0.9946435132826554,
        "f1-score": 0.9946435132826554,
        "support": 6735.0
      },
      "weighted avg": {
        "precision": 0.9946547884187082,
        "recall": 0.9946547884187082,
        "f1-score": 0.9946547884187082,
        "support": 6735.0
      }
    },
    "confusion_matrix": [
      [
        3504,
        18
      ],
      [
        18,
        3195
      ]
    ]
  },
  "test": {
    "accuracy": 0.9956941351150705,
    "report": {
      "FAKE": {
        "precision": 0.9957434733257662,
        "recall": 0.9960261141072949,
        "f1-score": 0.9958847736625515,
        "support": 3523.0
      },
      "REAL": {
        "precision": 0.9956399875428216,
        "recall": 0.9953300124533001,
        "f1-score": 0.9954849758679745,
        "support": 3212.0
      },
      "accuracy": 0.9956941351150705,
      "macro avg": {
        "precision": 0.9956917304342938,
        "recall": 0.9956780632802975,
        "f1-score": 0.9956848747652629,
        "support": 6735.0
      },
      "weighted avg": {
        "precision": 0.9956941197496981,
        "recall": 0.9956941351150705,
        "f1-score": 0.9956941054344621,
        "support": 6735.0
      }
    },
    "confusion_matrix": [
      [
        3509,
        14
      ],
      [
        15,
        3197
      ]
    ]
  }
}