{
  "val": {
    "accuracy": 0.9453600593912398,
    "report": {
      "FAKE": {
        "precision": 0.9508290451686678,
        "recall": 0.9443498012492901,
        "f1-score": 0.9475783475783476,
        "support": 3522.0
      },
      "REAL": {
        "precision": 0.9394501081248069,
        "recall": 0.9464674758792406,
        "f1-score": 0.9429457364341085,
        "support": 3213.0
      },
      "accuracy": 0.9453600593912398,
      "macro avg": {
        "precision": 0.9451395766467374,
        "recall": 0.9454086385642654,
        "f1-score": 0.9452620420062281,
        "support": 6735.0
      },
      "weighted avg": {
        "precision": 0.9454006079419529,
        "recall": 0.9453600593912398,
        "f1-score": 0.9453683134868196,
        "support": 6735.0
      }
    },
    "confusion_matrix": [
      [
        3326,
        196
      ],
      [
        172,
        3041
      ]
    ]
  },
  "test": {
    "accuracy": 0.9458054936896808,
    "report": {
      "FAKE": {
        "precision": 0.9519175729822553,
        "recall": 0.9440817485097928,
        "f1-score": 0.9479834687188257,
        "support": 3523.0
      },
      "REAL": {
        "precision": 0.9392162912681271,
        "recall": 0.9476961394769614,
        "f1-score": 0.9434371610103828,
        "support": 3212.0
      },
      "accuracy": 0.9458054936896808,
      "macro avg": {
        "precision": 0.9455669321251912,
        "recall": 0.9458889439933771,
        "f1-score": 0.9457103148646042,
        "support": 6735.0
      },
      "weighted avg": {
        "precision": 0.9458601836926073,
        "recall": 0.9458054936896808,
        "f1-score": 0.9458152815830396,
        "support": 6735.0
      }
    },
    "confusion_matrix": [
      [
        3326,
        197
      ],
      [
        168,
        3044
      ]
    ]
  }
}